Название товара;Ссылка на товар;Цена
Кофеварка BEKO BKK2113;https://www.ohdm.ru/products/124635537-kofevarka_beko_bkk2113;23 770 руб.
Кофеварка Binatone DCM1252;https://www.ohdm.ru/products/238558393-kofevarka_binatone_dcm1252;2 260 руб.
Кофеварка Binatone DCM-0722;https://www.ohdm.ru/products/261782541-kofevarka_binatone_dcm_0722;1 440 руб.
Кофеварка Binatone ECM-153;https://www.ohdm.ru/products/261782552-kofevarka_rozhkovaya_binatone_ecm_153;6 590 руб.
Кофеварка Bosch TKA3A034;https://www.ohdm.ru/products/173198299-kofevarka_bosch_tka_3a034;2 670 руб.
Кофеварка Bosch TKA3A031;https://www.ohdm.ru/products/173198298-kofevarka_bosch_tka_3a031;2 670 руб.
Кофеварка Bosch TKA3A033;https://www.ohdm.ru/products/261782542-kofevarka_bosch_tka3a033;2 990 руб.
Кофеварка Bosch TKA6A041;https://www.ohdm.ru/products/116727433-kofevarka_bosch_tka6a041;4 200 руб.
Кофеварка Bosch TKA6A643;https://www.ohdm.ru/products/323020073-kofevarka_bosch_tka6a643;5 800 руб.
Кофеварка BRAYER BR1101;https://www.ohdm.ru/products/313256353-kofevarka_rozhkovaya_brayer_br1101;7 300 руб.
Кофеварка Caso CoffeeOne;https://www.ohdm.ru/products/192928711-kofevarka_caso_coffee_one;1 730 руб.
Кофеварка CENTEK CT-1144;https://www.ohdm.ru/products/238558423-kofevarka_centek_ct_1144;1 850 руб.
Кофеварка CENTEK CT-1145;https://www.ohdm.ru/products/238558424-kofevarka_centek_ct_1145;2 840 руб.
Кофеварка De'Longhi ECAM510.55.M;https://www.ohdm.ru/products/172561162-kofevarka_de_longhi_ecam_510_55_m;76 000 руб.
Кофеварка De'Longhi ECAM350.55;https://www.ohdm.ru/products/172561161-kofevarka_de_longhi_ecam_350_55;52 250 руб.
Кофеварка De'Longhi EC230.B;https://www.ohdm.ru/products/261782553-kofevarka_rozhkovaya_de_longhi_ec230_b;9 510 руб.
Кофеварка EDEN EDD-9316;https://www.ohdm.ru/products/261782545-kofevarka_eden_edd_9316;1 330 руб.
Кофеварка Gorenje ATCM730T;https://www.ohdm.ru/products/198215377-kofevarka_gorenje_atcm730t;8 080 руб.
Кофеварка Gorenje TCM330B;https://www.ohdm.ru/products/313256323-kofevarka_gorenje_tcm330b;2 780 руб.
Кофеварка inhouseI CM1802WG;https://www.ohdm.ru/products/313256361-kofevarka_rozhkovaya_inhousei_cm1802wg;12 000 руб.
Кофеварка Kitfort KT-716;https://www.ohdm.ru/products/186873611-kofevarka_kitfort_kt_716;9 200 руб.
Кофеварка Kitfort КТ-760-1;https://www.ohdm.ru/products/313256364-kofevarka_rozhkovaya_kitfort_kt_760_1;3 300 руб.
Кофеварка Krups XP3440;https://www.ohdm.ru/products/117126372-kofevarka_krups_xp3440;14 240 руб./шт.
Кофеварка Leran ECM-1550;https://www.ohdm.ru/products/187633083-kofevarka_leran_ecm_1550;8 230 руб.
Кофеварка Leran ECM-1585;https://www.ohdm.ru/products/218482362-kofevarka_leran_ecm_1585;13 380 руб.
Кофеварка Leran EM-996X;https://www.ohdm.ru/products/261782555-kofevarka_rozhkovaya_leran_em_996x;20 590 руб.
Кофеварка MAUNFELD MF-734BK;https://www.ohdm.ru/products/262871076-kofevarka_rozhkovaya_maunfeld_mf_734bk;7 720 руб.
Кофеварка MAUNFELD MF-721SPRO;https://www.ohdm.ru/products/262871073-kofevarka_rozhkovaya_maunfeld_mf_721spro;13 380 руб.
Кофеварка MAUNFELD MF-733BK;https://www.ohdm.ru/products/262871071-kofevarka_rozhkovaya_maunfeld_mf_733bk;4 110 руб.
Кофеварка MAUNFELD MF-732BK;https://www.ohdm.ru/products/262871015-kofevarka_maunfeld_mf_732bk;2 050 руб.
Кофеварка MAUNFELD MF-731BK;https://www.ohdm.ru/products/262871009-kofevarka_maunfeld_mf_731bk;10 810 руб.
Кофеварка MAUNFELD MF-723S;https://www.ohdm.ru/products/262871008-kofevarka_maunfeld_mf_723s;13 000 руб.
Кофеварка MAUNFELD MF-720SPRO;https://www.ohdm.ru/products/294941470-kofevarka_maunfeld_mf_720spro;14 410 руб.
Кофеварка Moulinex FG360830;https://www.ohdm.ru/products/313256344-kofevarka_kapelnaya_moulinex_fg360830;2 700 руб.
Кофеварка NATIONAL NK-CM195;https://www.ohdm.ru/products/238558440-kofevarka_national_nk_cm195;1 440 руб.
Кофеварка NATIONAL NK-CM585;https://www.ohdm.ru/products/238558441-kofevarka_national_nk_cm585;5 660 руб.
Кофеварка Polaris PCM4008ALНержавеющаясталь;https://www.ohdm.ru/products/312480562-kofevarka_polaris_pcm4008alnerzhaveyushchayastal;4 470 руб.
Кофеварка REDMOND RCM-1510;https://www.ohdm.ru/products/117126388-kofevarka_redmond_rcm_1510;2 630 руб./шт.
Кофеварка REDMOND RCM-M1509S;https://www.ohdm.ru/products/173198308-kofevarka_redmond_rcm_m1509s;6 370 руб.
Кофеварка REDMOND RCM-CBM1514;https://www.ohdm.ru/products/238558443-kofevarka_redmond_rcm_cbm1514;10 030 руб.
Кофеварка REDMOND RCM-1521;https://www.ohdm.ru/products/261782547-kofevarka_redmond_rcm_1521;4 320 руб.
Кофеварка REDMOND RСM-M1507;https://www.ohdm.ru/products/185268701-kofevarka_redmond_rsm_m1507;1 950 руб.
Кофеварка REDMOND SkyCoffeeM1509S;https://www.ohdm.ru/products/175246278-kofevarka_redmond_skycoffee_m1509s;4 320 руб.
Кофеварка Rondell FieroRDA-844;https://www.ohdm.ru/products/131978398-kofevarka_rondell_fierorda_844;4 200 руб.
Кофеварка Rondell KafferroRDS-499;https://www.ohdm.ru/products/200879572-kofevarka_rondell_kafferro_rds_499;2 300 руб.
Кофеварка Scarlett SC-CM33016;https://www.ohdm.ru/products/313256371-kofevarka_rozhkovaya_scarlett_sc_cm33016;7 000 руб.
Кофеварка SUPRA CMS-1515;https://www.ohdm.ru/products/313256378-kofevarka_rozhkovaya_supra_cms_1515;10 200 руб.
Кофеварка Tefal CM3218;https://www.ohdm.ru/products/215043706-kofevarka_tefal_cm3218;2 000 руб.
Кофеварка Tefal CM361838;https://www.ohdm.ru/products/117126406-kofevarka_tefal_cm361838;2 670 руб./шт.
Кофеварка Tefal CM361E38;https://www.ohdm.ru/products/219131874-kofevarka_tefal_cm361e38;2 690 руб.
Кофеварка Tefal CM600810;https://www.ohdm.ru/products/313256350-kofevarka_kapelnaya_tefal_cm600810;4 450 руб.
Кофеварка VITEK VT-1514;https://www.ohdm.ru/products/117126409-kofevarka_vitek_vt_1514;22 000 руб./шт.
Кофеварка VITEK VT-1511;https://www.ohdm.ru/products/118930758-kofevarka_vitek_vt_1511;11 300 руб./шт.
Кофеварка VITEK VT-1506;https://www.ohdm.ru/products/163044440-kofevarka_vitek_vt_1506;1 450 руб.
Кофеварка VITEK VT-1509;https://www.ohdm.ru/products/192928768-kofevarka_vitek_vt_1509;10 000 руб.
Кофеварка VITEK VT-1508;https://www.ohdm.ru/products/192928766-kofevarka_vitek_vt_1508;9 500 руб.
Кофеварка VITEK VT-1504;https://www.ohdm.ru/products/192928764-kofevarka_vitek_vt_1504;8 000 руб.
Кофеварка VITEK VT-1500;https://www.ohdm.ru/products/261782549-kofevarka_vitek_vt_1500;1 290 руб.
Кофеварка VITEK VT-1507;https://www.ohdm.ru/products/261782557-kofevarka_rozhkovaya_vitek_vt_1507;7 110 руб.
Кофеварка VITEK VT-1501;https://www.ohdm.ru/products/261782556-kofevarka_rozhkovaya_vitek_vt_1501;8 230 руб.
Кофеварка VITEK VT-1512;https://www.ohdm.ru/products/313256380-kofevarka_rozhkovaya_vitek_vt_1512;3 000 руб.
Кофеварка Volle VLD-9327;https://www.ohdm.ru/products/261782551-kofevarka_volle_vld_9327;1 440 руб.
Кофеварка Kitfort KT-729;https://www.ohdm.ru/products/313256324-kofevarka_kitfort_kt_729;2 040 руб.
Кофеварка Kitfort KT-750;https://www.ohdm.ru/products/313256325-kofevarka_kitfort_kt_750;3 600 руб.
Кофеварка Kitfort КТ-728;https://www.ohdm.ru/products/215479093-kofevarka_kitfort_kt_728;3 600 руб.
Кофеварка Scarlett SC-CM33014;https://www.ohdm.ru/products/313256369-kofevarka_rozhkovaya_scarlett_sc_cm33014;13 790 руб.
Кофеварка VITEK VT-1513;https://www.ohdm.ru/products/117126407-kofevarka_vitek_vt_1513;14 400 руб./шт.
Кофеварка VITEK VT-1526;https://www.ohdm.ru/products/136579275-kofevarka_vitek_vt_1526;13 910 руб.
Кофеварка BINATONE DCM-0722;/cat/kuhonnaya_tehnika/kofevarki/binatone_dcm_0722/;        1 390 руб.
Кофеварка BINATONE EM 171 LT;/cat/kuhonnaya_tehnika/kofevarki/binatone_em_171_lt/;        2 590 руб.
Кофеварка BINATONE DCM-1252;/cat/kuhonnaya_tehnika/kofevarki/binatone_dcm-1252/;        2 190 руб.
Кофеварка BINATONE ECM 153;/cat/kuhonnaya_tehnika/kofevarki/binatone_ecm_153/;        6 390 руб.
Кофеварка LERAN ECM-1585;/cat/kuhonnaya_tehnika/kofevarki/leran_ecm-1585/;        12 990 руб.
Вспениватель молока SA-6328BK;/catalog/kofevarki_kofemolki/vspenivatel_moloka_sa-6328bk/;							281  
Кофеварка HOMESTAR HS-2020 черный;/catalog/kofevarki_kofemolki/kofevarka_homestar_hs-2020_chernyy/;							865  
Кофеварка МАТРЕНА МА-017 черный;/catalog/kofevarki_kofemolki/kofevarka_matrena_ma-017_chernyy/;							1 260  
Кофемолка SA-6161S 200 Вт 80 г;/catalog/kofevarki_kofemolki/kofemolka_sa-6161s_200_vt_80_g/;							1 740  
Кофемолка SA-6163BK 200Вт 50г черный;/catalog/kofevarki_kofemolki/kofemolka_sa-6163bk_200vt_50g_chernyy/;							1 090  
Кофемолка SA-6171BK 200Вт 50г черный;/catalog/kofevarki_kofemolki/kofemolka_sa-6171bk_200vt_50g_chernyy/;							1 480  
Кофемолка механическая, керамические жернова;/catalog/kofevarki_kofemolki/kofemolka_mehanicheskaya_keramicheskie_zhernova/;							740  
Кофемолка электрическая жернов аккум Li-Poli USB;/catalog/kofevarki_kofemolki/kofemolka_elektricheskaya_zhernov_akkum_li-poli_usb/;							1 460  
Турка BEON BN-353 электрическая;/catalog/kofevarki_kofemolki/turka_beon_bn-353_elektricheskaya/;							1 060  
Турка DELTA DL-8162 электрическая;/catalog/kofevarki_kofemolki/turka_delta_dl-8162_elektricheskaya/;							1 120  
Турка МАТРЕНА МА-24;/catalog/kofevarki_kofemolki/turka_matrena_ma-24/;							795  
Вспениватель молока SA-6328BK;/catalog/kofevarki_kofemolki/vspenivatel_moloka_sa-6328bk/;							281  руб.
Кофеварка HOMESTAR HS-2020 черный;/catalog/kofevarki_kofemolki/kofevarka_homestar_hs-2020_chernyy/;							865  руб.
Кофеварка МАТРЕНА МА-017 черный;/catalog/kofevarki_kofemolki/kofevarka_matrena_ma-017_chernyy/;							1 260  руб.
Кофемолка SA-6161S 200 Вт 80 г;/catalog/kofevarki_kofemolki/kofemolka_sa-6161s_200_vt_80_g/;							1 740  руб.
Кофемолка SA-6163BK 200Вт 50г черный;/catalog/kofevarki_kofemolki/kofemolka_sa-6163bk_200vt_50g_chernyy/;							1 090  руб.
Кофемолка SA-6171BK 200Вт 50г черный;/catalog/kofevarki_kofemolki/kofemolka_sa-6171bk_200vt_50g_chernyy/;							1 480  руб.
Кофемолка механическая, керамические жернова;/catalog/kofevarki_kofemolki/kofemolka_mehanicheskaya_keramicheskie_zhernova/;							740  руб.
Кофемолка электрическая жернов аккум Li-Poli USB;/catalog/kofevarki_kofemolki/kofemolka_elektricheskaya_zhernov_akkum_li-poli_usb/;							1 460  руб.
Турка BEON BN-353 электрическая;/catalog/kofevarki_kofemolki/turka_beon_bn-353_elektricheskaya/;							1 060  руб.
Турка DELTA DL-8162 электрическая;/catalog/kofevarki_kofemolki/turka_delta_dl-8162_elektricheskaya/;							1 120  руб.
Турка МАТРЕНА МА-24;/catalog/kofevarki_kofemolki/turka_matrena_ma-24/;							795  руб.
